"disc","disc_runtime","time","title","notes","disc_seconds","disc_minutes","disc_hours","disc_runtime_seconds","seconds","minutes","hours","start_time","end_time","length","bedroom","favorite","holy_grail","white_cassette","fan_name","track_number"
1,1:10:47,0:00,Poison (Early Exit Music For A Film / Life In A Glass House) [Thom solo] üåö,"Though it resembles both Exit Music and LIAGH, it is titled as neither of them.",47,10,1,4247,0,0,0,0,99,99,TRUE,FALSE,FALSE,FALSE,FALSE,1
1,1:10:47,1:39,I Promise 1-1 (Portland) [soundcheck - 25 March 1996],‚ÄúI won‚Äôt fool around no more‚Ä¶‚Äù,47,10,1,4247,39,1,0,99,334,235,FALSE,FALSE,FALSE,FALSE,FALSE,2
1,1:10:47,5:34,Attenzione! (Portland) [soundcheck - 25 March 1996],Full band,47,10,1,4247,34,5,0,334,636,302,FALSE,FALSE,FALSE,FALSE,FALSE,3
1,1:10:47,10:36,[tape blip - Electioneering + Attenzione! (Portland)] [duplicate],,47,10,1,4247,36,10,0,636,654,18,FALSE,FALSE,FALSE,FALSE,FALSE,4
1,1:10:47,10:54,Electioneering 1-1,Early version,47,10,1,4247,54,10,0,654,785,131,FALSE,FALSE,FALSE,FALSE,FALSE,5
1,1:10:47,13:05,Lift 1-1 (Toronto) [live - 6 April 1996],Early version,47,10,1,4247,5,13,0,785,939,154,FALSE,FALSE,FALSE,FALSE,FALSE,6
1,1:10:47,15:39,True Love Waits ‚≠êü§§,Features a full band,47,10,1,4247,39,15,0,939,1332,393,FALSE,TRUE,TRUE,FALSE,FALSE,7
1,1:10:47,22:12,Not For Sale üåö,"‚ÄúLittle by little falls away‚Ä¶‚Äù
Mistaken for an early version of Little by Little during the leak",47,10,1,4247,12,22,0,1332,1404,72,TRUE,FALSE,FALSE,FALSE,FALSE,8
1,1:10:47,23:24,Film A [found sound - Yellow Panic from 3 Days Of The Condor],Snippet taken from a film,47,10,1,4247,24,23,0,1404,1451,47,FALSE,FALSE,FALSE,FALSE,FALSE,9
1,1:10:47,24:11,Lift 1-2 (San Francisco) [live - 27 March 1996],First live performance!,47,10,1,4247,11,24,0,1451,1694,243,FALSE,FALSE,FALSE,FALSE,FALSE,10
1,1:10:47,28:14,Electioneering 1-2 (San Francisco) [live - 27 March 1996],,47,10,1,4247,14,28,0,1694,1931,237,FALSE,FALSE,FALSE,FALSE,FALSE,11
1,1:10:47,32:11,I Promise 1-2 (San Francisco) [live - 27 March 1996],,47,10,1,4247,11,32,0,1931,2180,249,FALSE,FALSE,FALSE,FALSE,FALSE,12
1,1:10:47,36:20,Vacancies [Thom solo] üåö,Solo Thom on acoustic,47,10,1,4247,20,36,0,2180,2238,58,TRUE,FALSE,FALSE,FALSE,FALSE,13
1,1:10:47,37:18,$alty [Thom solo] üåö,,47,10,1,4247,18,37,0,2238,2279,41,TRUE,FALSE,FALSE,FALSE,FALSE,14
1,1:10:47,37:59,Airbag 1-1 (Minneapolis acoustic) [soundcheck - 3 April 1996],Early version,47,10,1,4247,59,37,0,2279,2588,309,FALSE,FALSE,FALSE,FALSE,FALSE,15
1,1:10:47,43:08,Airbag 1-2 (Toronto) [soundcheck - 6 April 1996],This version has a long reverb-y intro,47,10,1,4247,8,43,0,2588,2898,310,FALSE,FALSE,FALSE,FALSE,FALSE,16
1,1:10:47,48:18,I Promise 1-3 (Minneapolis) [live - 3 April 1996],,47,10,1,4247,18,48,0,2898,3141,243,FALSE,FALSE,FALSE,FALSE,FALSE,17
1,1:10:47,52:21,Lifesaver [Thom solo] üåö,,47,10,1,4247,21,52,0,3141,3191,50,TRUE,FALSE,FALSE,FALSE,FALSE,18
1,1:10:47,53:11,I Promise 1-4 (Toronto) [live - 6 April 1996],,47,10,1,4247,11,53,0,3191,3434,243,FALSE,FALSE,FALSE,FALSE,FALSE,19
1,1:10:47,57:14,Electioneering 1-3 (Toronto) [live - 6 April 1996],With acoustic guitar & harmonies,47,10,1,4247,14,57,0,3434,3648,214,FALSE,FALSE,FALSE,FALSE,FALSE,20
1,1:10:47,1:00:48,Paranoid Android,Early version; different lyrics,47,10,1,4247,48,0,1,3648,3928,280,FALSE,FALSE,FALSE,FALSE,FALSE,21
1,1:10:47,1:05:28,Airbag 1-3,"Clip starts midway, sounds like the complete version",47,10,1,4247,28,5,1,3928,4053,125,FALSE,FALSE,FALSE,FALSE,FALSE,22
1,1:10:47,1:07:33,Electioneering 1-4,Ed/Jonny harmonizing? Cuts off early,47,10,1,4247,33,7,1,4053,4247,194,FALSE,FALSE,FALSE,FALSE,FALSE,23
2,1:01:27,0:00,No Surprises Please (Lyon) [soundcheck - 17 April 1996] üìº,Early version; already heard in the cassette,27,1,1,3687,0,0,0,0,174,174,FALSE,FALSE,FALSE,TRUE,FALSE,1
2,1:01:27,2:54,Risk Of Suffocation [Thom solo] üåö,Acoustic. Song cuts off midway. ‚ÄúIf I get my head out of this‚Ä¶‚Äù,27,1,1,3687,54,2,0,174,344,170,TRUE,FALSE,FALSE,FALSE,FALSE,2
2,1:01:27,5:44,Girl Club 2-1 [Thom solo] üåö,Acoustic. Groovy guitar riff.,27,1,1,3687,44,5,0,344,478,134,TRUE,FALSE,FALSE,FALSE,FALSE,3
2,1:01:27,7:58,Girl Club 2-2 [Thom solo] üåö,,27,1,1,3687,58,7,0,478,518,40,TRUE,FALSE,FALSE,FALSE,FALSE,4
2,1:01:27,8:38,Ride A Pony [Thom solo] üåö,,27,1,1,3687,38,8,0,518,736,218,TRUE,FALSE,FALSE,FALSE,FALSE,5
2,1:01:27,12:16,(Chateau Birds) [found sound],,27,1,1,3687,16,12,0,736,785,49,FALSE,FALSE,FALSE,FALSE,FALSE,6
2,1:01:27,13:05,Umbilical [Thom solo] üåö,,27,1,1,3687,5,13,0,785,947,162,TRUE,FALSE,FALSE,FALSE,FALSE,7
2,1:01:27,15:47,Poison Lake (Early Exit Music For a Film) [Thom solo] üåö,Very similar to Exit Music - Poison or Poison Lake might have been its original title. This was a snippet included in the previews before all 18 discs leaked,27,1,1,3687,47,15,0,947,1162,215,TRUE,FALSE,FALSE,FALSE,FALSE,8
2,1:01:27,19:22,Get Together #2 [Thom solo] üåö,,27,1,1,3687,22,19,0,1162,1254,92,TRUE,FALSE,FALSE,FALSE,FALSE,9
2,1:01:27,20:54,Get Together [Thom solo] üåö,,27,1,1,3687,54,20,0,1254,1288,34,TRUE,FALSE,FALSE,FALSE,FALSE,10
2,1:01:27,21:28,(Prague Train) [found sound],Ladies chattering in a foreign language & sounds of public transportation. These sounds are heard in the intro of A Reminder.,27,1,1,3687,28,21,0,1288,1521,233,FALSE,FALSE,FALSE,FALSE,FALSE,11
2,1:01:27,25:21,(Bus Home) [found sound],,27,1,1,3687,21,25,0,1521,1561,40,FALSE,FALSE,FALSE,FALSE,FALSE,12
2,1:01:27,26:01,Annoying Neighbors 2-1 [Thom solo],fragment,27,1,1,3687,1,26,0,1561,1586,25,FALSE,FALSE,FALSE,FALSE,FALSE,13
2,1:01:27,26:26,Annoying Neighbors 2-2 [Thom solo],Fragment; 2nd take,27,1,1,3687,26,26,0,1586,1597,11,FALSE,FALSE,FALSE,FALSE,FALSE,14
2,1:01:27,26:37,Annoying Neighbors 2-3 [Thom solo],3rd take,27,1,1,3687,37,26,0,1597,1776,179,FALSE,FALSE,FALSE,FALSE,FALSE,15
2,1:01:27,29:36,Motion Picture Soundtrack 2-1 ü§§,Early rehearsal; sounds pretty Bends-y,27,1,1,3687,36,29,0,1776,2085,309,FALSE,TRUE,FALSE,FALSE,FALSE,16
2,1:01:27,34:45,Amazing Drums For Exit Music 2-1,Similar chord progression to the album Exit Music,27,1,1,3687,45,34,0,2085,2137,52,FALSE,FALSE,FALSE,FALSE,FALSE,17
2,1:01:27,35:37,Amazing Drums For Exit Music 2-2,,27,1,1,3687,37,35,0,2137,2158,21,FALSE,FALSE,FALSE,FALSE,FALSE,18
2,1:01:27,35:58,Amazing Drums For Exit Music 2-3,,27,1,1,3687,58,35,0,2158,2206,48,FALSE,FALSE,FALSE,FALSE,FALSE,19
2,1:01:27,36:46,unknown song (full-band instrumental),Has some vocals to an unknown song. Drums sound similar to Pearly,27,1,1,3687,46,36,0,2206,2245,39,FALSE,FALSE,FALSE,FALSE,FALSE,20
2,1:01:27,37:25,Let Down (Early Rehearsal) (2-19),Early rehearsal; some jamming at the end,27,1,1,3687,25,37,0,2245,2543,298,FALSE,FALSE,FALSE,FALSE,FALSE,21
2,1:01:27,42:23,Motion Picture Soundtrack 2-2,Early rehearsal,27,1,1,3687,23,42,0,2543,2838,295,FALSE,FALSE,FALSE,FALSE,FALSE,22
2,1:01:27,47:18,Airbag,Early Rehearsal with A false start at the beginning,27,1,1,3687,18,47,0,2838,3141,303,FALSE,FALSE,FALSE,FALSE,FALSE,23
2,1:01:27,52:21,My New Clothes 2-1 ü§§,"Originally fan named by belargu as Hurts To Walk (My Funky Cloak) ‚úèÔ∏è
This is the goofiest shit I‚Äôve ever heard lol I LOVE it",27,1,1,3687,21,52,0,3141,3374,233,FALSE,TRUE,FALSE,FALSE,FALSE,24
2,1:01:27,56:14,My New Clothes 2-2 [fragment],Seems to be take 2 of the previous song,27,1,1,3687,14,56,0,3374,3391,17,FALSE,FALSE,FALSE,FALSE,FALSE,25
2,1:01:27,56:31,My New Clothes 2-3,,27,1,1,3687,31,56,0,3391,3594,203,FALSE,FALSE,FALSE,FALSE,FALSE,26
2,1:01:27,59:54,Attenzione! (Early Attention) 2-1,,27,1,1,3687,54,59,0,3594,3622,28,FALSE,FALSE,FALSE,FALSE,FALSE,27
2,1:01:27,1:00:22,Attenzione! (Early Attention) 2-2,,27,1,1,3687,22,0,1,3622,3687,65,FALSE,FALSE,FALSE,FALSE,FALSE,28
3,1:05:08,0:00,I Promise 3-1 (NY) [live - 12 April 1996],Cut intro,8,5,1,3908,0,0,0,0,70,70,FALSE,FALSE,FALSE,FALSE,FALSE,1
3,1:05:08,1:10,Motion Picture Soundtrack (Rockville) [Thom solo - 10 April 1996],"Solo Thom on electric guitar
According to redditor /u/EsotericCD, this is from the 4/10/96 ‚ÄúJust Passin‚Äô Thru‚Äù radio session in Rockville, MD, but is a ‚ÄúFAR FAR better sounding version of it than the off-air recording we used to have.‚Äù Thanks for the ID!",8,5,1,3908,10,1,0,70,281,211,FALSE,FALSE,FALSE,FALSE,FALSE,2
3,1:05:08,4:41,[tape blip - I Promise (San Francisco)] [duplicate],,8,5,1,3908,41,4,0,281,286,5,FALSE,FALSE,FALSE,FALSE,FALSE,3
3,1:05:08,4:46,I Promise 3-2 (San Francisco) [live - 27 March 1996] [duplicate],"First ever live performance, announcement at beginning. Duplicate, Thom Intro.",8,5,1,3908,46,4,0,286,537,251,FALSE,FALSE,FALSE,FALSE,FALSE,4
3,1:05:08,8:57,Mahler's Double Basses [found sound],Snippet of something else,8,5,1,3908,57,8,0,537,541,4,FALSE,FALSE,FALSE,FALSE,FALSE,5
3,1:05:08,9:01,Nude,Full band version. Different from the cassette version. Pretty raunchy lyrics...,8,5,1,3908,1,9,0,541,784,243,FALSE,FALSE,FALSE,FALSE,FALSE,6
3,1:05:08,13:04,Monk Noise [found sound],A part of this segment has seemingly been removed,8,5,1,3908,4,13,0,784,822,38,FALSE,FALSE,FALSE,FALSE,FALSE,7
3,1:05:08,13:42,Moog,A synthesizer solo,8,5,1,3908,42,13,0,822,896,74,FALSE,FALSE,FALSE,FALSE,FALSE,8
3,1:05:08,14:56,S3000,This is a snippet from Joe Henderson - El Barrio.,8,5,1,3908,56,14,0,896,942,46,FALSE,FALSE,FALSE,FALSE,FALSE,9
3,1:05:08,15:42,Soft Pain 3-1,Instrumental stem of piano & other noises,8,5,1,3908,42,15,0,942,1037,95,FALSE,FALSE,FALSE,FALSE,FALSE,10
3,1:05:08,17:17,Soft Pain 3-2,Similar to above,8,5,1,3908,17,17,0,1037,1122,85,FALSE,FALSE,FALSE,FALSE,FALSE,11
3,1:05:08,18:42,Soft Pain 3-3,"Similar to above, now with a drum loop and more synths",8,5,1,3908,42,18,0,1122,1344,222,FALSE,FALSE,FALSE,FALSE,FALSE,12
3,1:05:08,22:24,Thomas Pynchon,Soothing instrumental,8,5,1,3908,24,22,0,1344,1567,223,FALSE,FALSE,FALSE,FALSE,FALSE,13
3,1:05:08,26:07,Maybe [Thom solo]üåö,,8,5,1,3908,7,26,0,1567,1724,157,TRUE,FALSE,FALSE,FALSE,FALSE,14
3,1:05:08,28:44,Soft Pain VOX 3-4 [Thom solo]üåö,"Combined with the Soft Pain instrumentals above, it forms a more tangible song. u/k0stil made a mix of it here.",8,5,1,3908,44,28,0,1724,1877,153,TRUE,FALSE,FALSE,FALSE,FALSE,15
3,1:05:08,31:17,Soft Pain 3-5,"Similar to 3-3, but with acoustic guitar panned to the left",8,5,1,3908,17,31,0,1877,2120,243,FALSE,FALSE,FALSE,FALSE,FALSE,16
3,1:05:08,35:20,Oranges [Thom solo] üåö,,8,5,1,3908,20,35,0,2120,2297,177,TRUE,FALSE,FALSE,FALSE,FALSE,17
3,1:05:08,38:17,$ Island [Thom solo]) üåö,,8,5,1,3908,17,38,0,2297,2557,260,TRUE,FALSE,FALSE,FALSE,FALSE,18
3,1:05:08,42:37,Poison 3-1 [Thom solo ] üåö,"Very early version of Exit Music. Thom solo, alternate arrangement, rhythm and lyrics.",8,5,1,3908,37,42,0,2557,2784,227,TRUE,FALSE,FALSE,FALSE,FALSE,19
3,1:05:08,46:24,Poison 3-2 [Thom solo ] üåö,,8,5,1,3908,24,46,0,2784,2820,36,TRUE,FALSE,FALSE,FALSE,FALSE,20
3,1:05:08,47:00,7/8 Session,"Very early rehearsal of Paranoid Android, & only a section
(before ‚Äúyou don‚Äôt remember, why don‚Äôt you remember my name?‚Äù excerpt live) Fragmented Instrumental.",8,5,1,3908,0,47,0,2820,2912,92,FALSE,FALSE,FALSE,FALSE,FALSE,21
3,1:05:08,48:32,No Surprises,Early Soundcheck,8,5,1,3908,32,48,0,2912,3115,203,FALSE,FALSE,FALSE,FALSE,FALSE,22
3,1:05:08,51:55,Messy Jams,"Originally fan named by the Bumstickler as Thom‚Äôs Screechy Song ‚úèÔ∏è
Screechy Sonic Youth-like Guitar",8,5,1,3908,55,51,0,3115,3409,294,FALSE,FALSE,FALSE,FALSE,FALSE,23
3,1:05:08,56:49,Soft Pain 3-6,e v e n   m o r e    l a y e r s,8,5,1,3908,49,56,0,3409,3734,325,FALSE,FALSE,FALSE,FALSE,FALSE,24
3,1:05:08,1:02:14,unknown song (lyric - 'I don't get it') [Thom solo] üåö,,8,5,1,3908,14,2,1,3734,3908,174,TRUE,FALSE,FALSE,FALSE,FALSE,25
4,0:57:21,0:00,Organ Intro,,21,57,0,3441,0,0,0,0,92,92,FALSE,FALSE,FALSE,FALSE,FALSE,1
4,0:57:21,1:32,No Surprises Please,Crazy outro,21,57,0,3441,32,1,0,92,349,257,FALSE,FALSE,FALSE,FALSE,FALSE,2
4,0:57:21,5:49,[tape blip - Bullet Proof.. I Wish I Was],3 second blip,21,57,0,3441,49,5,0,349,351,2,FALSE,FALSE,FALSE,FALSE,FALSE,3
4,0:57:21,5:51,True Love Waits (prog),"Early instrumental with drum machine, acoustic guitar, and bg synth.",21,57,0,3441,51,5,0,351,657,306,FALSE,FALSE,FALSE,FALSE,FALSE,4
4,0:57:21,10:57,Soft Pain 4-1,"Very staticy midway, ends with drum solo.",21,57,0,3441,57,10,0,657,872,215,FALSE,FALSE,FALSE,FALSE,FALSE,5
4,0:57:21,14:32,Soft Pain 4-2,Both instrumentals on this disc seem more aggressive than the others heard previously,21,57,0,3441,32,14,0,872,1093,221,FALSE,FALSE,FALSE,FALSE,FALSE,6
4,0:57:21,18:13,Paranoid Android M8 4-1 to 4-4,"Starts at ‚ÄúYou don‚Äôt remember... ‚Äú section, Thom stops band halfway through to talk about changes. Includes multiple takes & jamming.",21,57,0,3441,13,18,0,1093,1635,542,FALSE,FALSE,FALSE,FALSE,FALSE,7
4,0:57:21,27:15,Motion Picture Soundtrack 4-1,Take One. Fairly slow paced.,21,57,0,3441,15,27,0,1635,1955,320,FALSE,FALSE,FALSE,FALSE,FALSE,8
4,0:57:21,32:35,Motion Picture Soundtrack 4-2,Second take. Also fairly slow paced.,21,57,0,3441,35,32,0,1955,2279,324,FALSE,FALSE,FALSE,FALSE,FALSE,9
4,0:57:21,37:59,Airbag 4-1,"Early full band version. Different intro and very rough, longer outro",21,57,0,3441,59,37,0,2279,2573,294,FALSE,FALSE,FALSE,FALSE,FALSE,10
4,0:57:21,42:53,Airbag 4-2,,21,57,0,3441,53,42,0,2573,2879,306,FALSE,FALSE,FALSE,FALSE,FALSE,11
4,0:57:21,47:59,Tourists 4-1,"Early title for The Tourist.
Contains a different melody than what is on the album.",21,57,0,3441,59,47,0,2879,3055,176,FALSE,FALSE,FALSE,FALSE,FALSE,12
4,0:57:21,50:55,Tourists 4-2,,21,57,0,3441,55,50,0,3055,3122,67,FALSE,FALSE,FALSE,FALSE,FALSE,13
4,0:57:21,52:02,Tourists 4-3,,21,57,0,3441,2,52,0,3122,3195,73,FALSE,FALSE,FALSE,FALSE,FALSE,14
4,0:57:21,53:15,Silicon Valley,Early demo of Palo Alto. with slightly different lyrics. Chorus has slightly different melody,21,57,0,3441,15,53,0,3195,3441,246,FALSE,FALSE,FALSE,FALSE,FALSE,15
5,0:57:02,0:00,[drums + band chatter],Unstructured jam; goofing around,2,57,0,3422,0,0,0,0,66,66,FALSE,FALSE,FALSE,FALSE,FALSE,1
5,0:57:02,1:06,Paranoid Android Outro 5-1,Practice run from ‚Äúrain down‚Äù section,2,57,0,3422,6,1,0,66,336,270,FALSE,FALSE,FALSE,FALSE,FALSE,2
5,0:57:02,5:36,"Paranoid Android 5-2 (Long Version, Full Length Rehearsal) ‚≠ê",8 minute early version w/ outro jam,2,57,0,3422,36,5,0,336,824,488,FALSE,FALSE,TRUE,FALSE,FALSE,3
5,0:57:02,13:44,Jam,Jam.,2,57,0,3422,44,13,0,824,1006,182,FALSE,FALSE,FALSE,FALSE,FALSE,4
5,0:57:02,16:46,Attenzione! 5-1 [fragment],Another snippet of ‚ÄúAttention‚Äù,2,57,0,3422,46,16,0,1006,1038,32,FALSE,FALSE,FALSE,FALSE,FALSE,5
5,0:57:02,17:18,Attenzione! 5-2,,2,57,0,3422,18,17,0,1038,1071,33,FALSE,FALSE,FALSE,FALSE,FALSE,6
5,0:57:02,17:51,Touchies + Feelies 5-1 [fragment],Gets fast forwarded,2,57,0,3422,51,17,0,1071,1081,10,FALSE,FALSE,FALSE,FALSE,FALSE,7
5,0:57:02,18:01,Touchies + Feelies 5-2,Has vocals at one point,2,57,0,3422,1,18,0,1081,1553,472,FALSE,FALSE,FALSE,FALSE,FALSE,8
5,0:57:02,25:53,Leave Me Alone,Has vocals. ‚ÄúWhen I Get Bored Give Me One of Those‚Äù,2,57,0,3422,53,25,0,1553,1809,256,FALSE,FALSE,FALSE,FALSE,FALSE,9
5,0:57:02,30:09,No Surprises Please 5-1,"Early version, full band",2,57,0,3422,9,30,0,1809,2037,228,FALSE,FALSE,FALSE,FALSE,FALSE,10
5,0:57:02,33:57,No Surprises 5-2,"Early version, full band",2,57,0,3422,57,33,0,2037,2262,225,FALSE,FALSE,FALSE,FALSE,FALSE,11
5,0:57:02,37:42,Attenzione! 5-3,Unreleased full band song,2,57,0,3422,42,37,0,2262,2293,31,FALSE,FALSE,FALSE,FALSE,FALSE,12
5,0:57:02,38:13,Attenzione! 5-4,,2,57,0,3422,13,38,0,2293,2410,117,FALSE,FALSE,FALSE,FALSE,FALSE,13
5,0:57:02,40:10,Attenzione! 5-5,,2,57,0,3422,10,40,0,2410,2561,151,FALSE,FALSE,FALSE,FALSE,FALSE,14
5,0:57:02,42:41,"'We Have Registered', ‚ÄòGood Morning‚Äô,  ‚ÄòFax‚Äô, ‚ÄòBell‚Äô, ‚ÄòSqueal‚Äô [found sounds]",Little sound effects that have been individually named by Thom,2,57,0,3422,41,42,0,2561,2636,75,FALSE,FALSE,FALSE,FALSE,FALSE,15
5,0:57:02,43:56,Lights Down [Thom solo]üåö,Acoustic. Cheap mic.,2,57,0,3422,56,43,0,2636,2735,99,TRUE,FALSE,FALSE,FALSE,FALSE,16
5,0:57:02,45:35,Boggle Eyes [Thom solo] üåö,,2,57,0,3422,35,45,0,2735,2808,73,TRUE,FALSE,FALSE,FALSE,FALSE,17
5,0:57:02,46:48,'Silly Voices' [found sound],,2,57,0,3422,48,46,0,2808,2817,9,FALSE,FALSE,FALSE,FALSE,FALSE,18
5,0:57:02,46:57,27¬∞ [Thom solo] üåö,‚ÄúYou don‚Äôt see the signs‚Äù,2,57,0,3422,57,46,0,2817,2910,93,TRUE,FALSE,FALSE,FALSE,FALSE,19
5,0:57:02,48:30,Chairman Mao [Thom solo] üåö,,2,57,0,3422,30,48,0,2910,2988,78,TRUE,FALSE,FALSE,FALSE,FALSE,20
5,0:57:02,49:48,Nude Rough [Thom solo] üåö,Thom solo acoustic demo (early),2,57,0,3422,48,49,0,2988,3189,201,TRUE,FALSE,FALSE,FALSE,FALSE,21
5,0:57:02,53:09,'Beauty Voices' [found sound],Lo-fi,2,57,0,3422,9,53,0,3189,3224,35,FALSE,FALSE,FALSE,FALSE,FALSE,22
5,0:57:02,53:44,Paranoid Android [Thom + Jonny - fragments] 5-3,Early fragment of a Thom/Jonny version,2,57,0,3422,44,53,0,3224,3247,23,FALSE,FALSE,FALSE,FALSE,FALSE,23
5,0:57:02,54:07,Drum Loop,Lo-fi,2,57,0,3422,7,54,0,3247,3369,122,FALSE,FALSE,FALSE,FALSE,FALSE,24
5,0:57:02,56:09,Piano Sketch by Jonny üìº,Included in the OKNOTOK cassette,2,57,0,3422,9,56,0,3369,3422,53,FALSE,FALSE,FALSE,TRUE,FALSE,25
6,0:25:57,0:00,Guitar Loop,Crunchy,57,25,0,1557,0,0,0,0,52,52,FALSE,FALSE,FALSE,FALSE,FALSE,1
6,0:25:57,0:52,Phil‚Äôs Loop,Drummy,57,25,0,1557,52,0,0,52,78,26,FALSE,FALSE,FALSE,FALSE,FALSE,2
6,0:25:57,1:18,Walls [Thom solo] ü§§üåö,"Acoustic. Thom pls enunciate
‚ÄôAnd If It‚Ä¶‚Äô",57,25,0,1557,18,1,0,78,209,131,TRUE,TRUE,FALSE,FALSE,FALSE,3
6,0:25:57,3:29,Not All Angels Have Wings (Early Last Flowers) [Thom solo] ü§§üåö,"Early version
‚ÄúNo evaluations, no deliberations‚Äù",57,25,0,1557,29,3,0,209,322,113,TRUE,TRUE,FALSE,FALSE,FALSE,4
6,0:25:57,5:22,Felix The Cat [Thom solo] üåö,Acoustic. ‚ÄúIf I Don‚Äôt Seem Him‚Äù,57,25,0,1557,22,5,0,322,480,158,TRUE,FALSE,FALSE,FALSE,FALSE,5
6,0:25:57,8:00,Hollow Tugboat x2 [Thom solo] üåö,Acoustic. Seems to pick up from the previous song; maybe a retake.,57,25,0,1557,0,8,0,480,636,156,TRUE,FALSE,FALSE,FALSE,FALSE,6
6,0:25:57,10:36,Not All Angels Have Wings #2 (Early Last Flowers) [Thom solo] üåö,Thom solo acoustic.,57,25,0,1557,36,10,0,636,858,222,TRUE,FALSE,FALSE,FALSE,FALSE,7
6,0:25:57,14:18,Life In A Glasshouse [Thom solo] üåö,Very early version. Contains Tin-can audio.,57,25,0,1557,18,14,0,858,1084,226,TRUE,FALSE,FALSE,FALSE,FALSE,8
6,0:25:57,18:04,Bubble [Thom solo] üåö,"Lofi, and Acoustic.",57,25,0,1557,4,18,0,1084,1208,124,TRUE,FALSE,FALSE,FALSE,FALSE,9
6,0:25:57,20:08,Spokes [Thom solo] üåö,"Acoustic. Lo-fi. Thom interrupts the song to talk about letters; possibly a retake halfway through. ‚ÄúWe Don‚Äôt Spend, We Don‚Äôt Know.",57,25,0,1557,8,20,0,1208,1428,220,TRUE,FALSE,FALSE,FALSE,FALSE,10
6,0:25:57,23:48,Snidy [Thom solo] üåö,,57,25,0,1557,48,23,0,1428,1444,16,TRUE,FALSE,FALSE,FALSE,FALSE,11
6,0:25:57,24:04,Bee Sting [Thom solo] üåö,"Lofi, and Acoustic. Also ‚ÄúWe Don‚Äôt Spend, We Don‚Äôt Know‚Äù. *Have to double check ‚Ä¶ the time seems weird on the guy‚Äôs new timestamps.",57,25,0,1557,4,24,0,1444,1557,113,TRUE,FALSE,FALSE,FALSE,FALSE,12
7,0:55:28,0:00,Our Guarantee To You [Thom solo] ü§§üåö,Acoustic. ‚ÄúLeave your comments and reactions here‚Äù,28,55,0,3328,0,0,0,0,162,162,TRUE,TRUE,FALSE,FALSE,FALSE,1
7,0:55:28,2:42,Not All Angels #1-3 (Full Band Last Flowers),Full Band. Drop out or mixing error at 5:52,28,55,0,3328,42,2,0,162,439,277,FALSE,FALSE,FALSE,FALSE,FALSE,2
7,0:55:28,7:19,Melatonin (Alternate Studio Version) aka Crumar Song,Alternate version or mix,28,55,0,3328,19,7,0,439,568,129,FALSE,FALSE,FALSE,FALSE,FALSE,3
7,0:55:28,9:28,Julie Got Married [Full band],"‚ÄúYou would do the same, thousand miles, wanted to believe in‚Äù",28,55,0,3328,28,9,0,568,701,133,FALSE,FALSE,FALSE,FALSE,FALSE,4
7,0:55:28,11:41,Ed's French Loop,Might be a song fragment,28,55,0,3328,41,11,0,701,747,46,FALSE,FALSE,FALSE,FALSE,FALSE,5
7,0:55:28,12:27,August ü§§,With organ and ride cymbal keeping time,28,55,0,3328,27,12,0,747,895,148,FALSE,TRUE,FALSE,FALSE,FALSE,6
7,0:55:28,14:55,Nigel AMS Delay + AMS Hello üìº 7-4,Both on the cassette.,28,55,0,3328,55,14,0,895,974,79,FALSE,FALSE,FALSE,TRUE,FALSE,7
7,0:55:28,16:14,EQ Loops/Loop 1-8/Tom Loop,,28,55,0,3328,14,16,0,974,1073,99,FALSE,FALSE,FALSE,FALSE,FALSE,8
7,0:55:28,17:53,"Karma Police (Early Rehearsal, Electric Guitar, Alt. Lyrics)","Very early, unfinished lyrics. ‚ÄúThis is what you get when you fuck with me‚Äù",28,55,0,3328,53,17,0,1073,1330,257,FALSE,FALSE,FALSE,FALSE,FALSE,9
7,0:55:28,22:10,I Need A Job [Full band],"‚ÄúYou won‚Äôt try, I wanna go to the edge(?)‚Äù",28,55,0,3328,10,22,0,1330,1672,342,FALSE,FALSE,FALSE,FALSE,FALSE,10
7,0:55:28,27:52,The Cupboard Monster? [Full band],‚ÄúPsychedelic-ish‚Äù,28,55,0,3328,52,27,0,1672,1721,49,FALSE,FALSE,FALSE,FALSE,FALSE,11
7,0:55:28,28:41,"Airbag Intro (Early Rehearsal, Heavier Rock Guitar Only)","Very early guitar. Slower tempo, rock arrangement intro",28,55,0,3328,41,28,0,1721,1753,32,FALSE,FALSE,FALSE,FALSE,FALSE,12
7,0:55:28,29:13,Airbag Groove (Early Rehearsal with Jam Intro),"Funky rock jam turns into early Airbag, full band",28,55,0,3328,13,29,0,1753,1817,64,FALSE,FALSE,FALSE,FALSE,FALSE,13
7,0:55:28,30:17,"Airbag Ace! (Early Rehearsal, Heavier Version) ü§§",Very early attempt #3,28,55,0,3328,17,30,0,1817,2104,287,FALSE,TRUE,FALSE,FALSE,FALSE,14
7,0:55:28,35:04,Let Down (Early Rehearsal),Early Let Down,28,55,0,3328,4,35,0,2104,2531,427,FALSE,FALSE,FALSE,FALSE,FALSE,15
7,0:55:28,42:11,I Can‚Äôt Control It [Full band],"Almost sounds like Last Flowers. Funky, ‚ÄúSomething Got A Hold of Your Mind‚Äù.",28,55,0,3328,11,42,0,2531,2575,44,FALSE,FALSE,FALSE,FALSE,FALSE,16
7,0:55:28,42:55,Radio chaser noise üìº,Extended version that is on the white cassette.,28,55,0,3328,55,42,0,2575,2626,51,FALSE,FALSE,FALSE,TRUE,FALSE,17
7,0:55:28,43:46,Movie dialogue (7-18),"Verses from the Bible - 1 Corinthians 13:2-3
Thanks for the ID, u/blakandblue!",28,55,0,3328,46,43,0,2626,2642,16,FALSE,FALSE,FALSE,FALSE,FALSE,18
7,0:55:28,44:02,Dying Of Boredom [Full band],,28,55,0,3328,2,44,0,2642,3328,686,FALSE,FALSE,FALSE,FALSE,FALSE,19
8,0:57:03,0:00,Science Helps Build A New India [Thom solo] üåö,Some kind of open or low drop tuning,3,57,0,3423,0,0,0,0,256,256,TRUE,FALSE,FALSE,FALSE,FALSE,1
8,0:57:03,4:16,Human Error [Thom solo] üåö,‚ÄúYou want it all‚Äù,3,57,0,3423,16,4,0,256,419,163,TRUE,FALSE,FALSE,FALSE,FALSE,2
8,0:57:03,06:59,Nervous [Thom solo] üåö,Acoustic. ‚ÄúSend me away‚Äù,3,57,0,3423,59,6,0,419,547,128,TRUE,FALSE,FALSE,FALSE,FALSE,3
8,0:57:03,9:07,Ground [Thom solo] üåö,,3,57,0,3423,7,9,0,547,687,140,TRUE,FALSE,FALSE,FALSE,FALSE,4
8,0:57:03,11:27,"Karma Police (Live, Pittsburgh, 27 Aug 96 with Alt. Chorus Lyrics)",Soundboard. ‚ÄúThis is what you‚Äôll get when you fuck with us‚Äù,3,57,0,3423,27,11,0,687,915,228,FALSE,FALSE,FALSE,FALSE,FALSE,5
8,0:57:03,15:15,"Paranoid Android 8-1 (Live, Pittsburgh, 27 Aug 96)",Soundboard. Early ver. Same show as above. Has ‚Äúrain down‚Äù but no ‚Äúthat‚Äôs it sir‚Äù. Excerpted on OKNOTOK,3,57,0,3423,15,15,0,915,1341,426,FALSE,FALSE,FALSE,FALSE,FALSE,6
8,0:57:03,22:21,"I Promise 8-1 (Live, Pittsburgh, 27 Aug 96)",Early Soundboard.,3,57,0,3423,21,22,0,1341,1571,230,FALSE,FALSE,FALSE,FALSE,FALSE,7
8,0:57:03,26:11,"Let Down (Live, Pittsburgh, 27 Aug 96)",Early. Acoustic intro. Organ ending. Repeats 2nd verse.,3,57,0,3423,11,26,0,1571,1867,296,FALSE,FALSE,FALSE,FALSE,FALSE,8
8,0:57:03,31:07,"Climbing Up The Walls 8-1 (Live, Hershey, 26 Aug 96)","Early version, also soundboard. Same show possibly.",3,57,0,3423,7,31,0,1867,2118,251,FALSE,FALSE,FALSE,FALSE,FALSE,9
8,0:57:03,35:18,"No Surprises (Live, Hershey, 26 Aug 96)",Early live soundboard recording,3,57,0,3423,18,35,0,2118,2339,221,FALSE,FALSE,FALSE,FALSE,FALSE,10
8,0:57:03,38:59,"I Promise 8-2 (Live, Hershey, 26 Aug 96)",Early live soundboard recording,3,57,0,3423,59,38,0,2339,2566,227,FALSE,FALSE,FALSE,FALSE,FALSE,11
8,0:57:03,42:46,"Electioneering (Live, Hershey, 26 Aug 96)",Early live soundboard recording,3,57,0,3423,46,42,0,2566,2773,207,FALSE,FALSE,FALSE,FALSE,FALSE,12
8,0:57:03,46:13,"Paranoid Android 8-2 (Live, Hershey, 26 Aug 96)",Another early live ‚Äò96 version w/ organ. Extended outro.,3,57,0,3423,13,46,0,2773,3175,402,FALSE,FALSE,FALSE,FALSE,FALSE,13
8,0:57:03,52:55,Climbing Up The Walls 8-2 (Live),Early live soundboard recording.,3,57,0,3423,55,52,0,3175,3423,248,FALSE,FALSE,FALSE,FALSE,FALSE,14
9,0:53:37,0:00,Piano 5ths,There's some chatter in the background of this - it could be Thom testing stuff.,37,53,0,3217,0,0,0,0,160,160,FALSE,FALSE,FALSE,FALSE,FALSE,1
9,0:53:37,2:40,Theme Tune / My Everyday Life [Full band],"Originally fan named by spnii_ as Walk Down ‚úèÔ∏è
Unreleased full band song. Starts off acoustically, then into full band. Hard to decipher all the lyrics.",37,53,0,3217,40,2,0,160,451,291,FALSE,FALSE,FALSE,FALSE,FALSE,2
9,0:53:37,7:31,Let Down 9-1,"Very rough early rehearsal.
Early/alt lyrics.",37,53,0,3217,31,7,0,451,778,327,FALSE,FALSE,FALSE,FALSE,FALSE,3
9,0:53:37,12:58,Karma Police 9-1,"Early rough rehearsal. Different drums, no guitars, more bass, different lyrics.",37,53,0,3217,58,12,0,778,904,126,FALSE,FALSE,FALSE,FALSE,FALSE,4
9,0:53:37,15:04,Karma Police 9-2,"Same rehearsal, more distortion on bass and guitars. Sounds more rock. Instrumental after first chorus.",37,53,0,3217,4,15,0,904,1052,148,FALSE,FALSE,FALSE,FALSE,FALSE,5
9,0:53:37,17:32,Hospital 2 (Early Last Flowers),"Very rough. More band oriented. Different lyrics, but same melody and key. Jonny is also doing weird things to his guitar.",37,53,0,3217,32,17,0,1052,1241,189,FALSE,FALSE,FALSE,FALSE,FALSE,6
9,0:53:37,20:41,The State Disco [Full band],"Most likely also a rehearsal. Audio tears alot. Same as 7-5. Probably a second take. ‚ÄúDecided, You Don‚Äôt Try.",37,53,0,3217,41,20,0,1241,1473,232,FALSE,FALSE,FALSE,FALSE,FALSE,7
9,0:53:37,24:33,Let Down 9-2 (10 Minute Rehearsal),"Mostly guitars, different arrangement. Possibly the band learning how to play it live due to Thom once saying its ‚Äútoo complicated‚Äù to play live. Jonny switches to organ later on.",37,53,0,3217,33,24,0,1473,2123,650,FALSE,FALSE,FALSE,FALSE,FALSE,8
9,0:53:37,35:23,Life in a Glasshouse [Full band],"Very different from the finished version, sounds like a rehearsal, but has the same melody, jonny is killing it on the organ.",37,53,0,3217,23,35,0,2123,2278,155,FALSE,FALSE,FALSE,FALSE,FALSE,9
9,0:53:37,37:58,Exit Music #2 (Early Life in a Glasshouse) [Thom solo] üåö,"Thom acoustic. Different chords, lyrics, and slightly different vocal melody. The energy in this one is great.",37,53,0,3217,58,37,0,2278,2442,164,TRUE,FALSE,FALSE,FALSE,FALSE,10
9,0:53:37,40:42,Piano! Lie down in the middle of the road (Fitter Happier piano) üìº,Glitching noises and piano. No text-to-speech. On OKNOTOK cassette as well.,37,53,0,3217,42,40,0,2442,2602,160,FALSE,FALSE,FALSE,TRUE,FALSE,11
9,0:53:37,43:22,Play Me This Song 9-1 (Early A Reminder) [Thom solo] üåö,Thom solo acoustic. Low quality recording.,37,53,0,3217,22,43,0,2602,2808,206,TRUE,FALSE,FALSE,FALSE,FALSE,12
9,0:53:37,46:48,You‚Äôre The One üåö,Fairly sloppy and raw rough acoustic recording. Droney guitar tuning and catchy riff. Hook contains lyric ‚ÄúYou‚Äôre the one‚Äù.,37,53,0,3217,48,46,0,2808,3047,239,TRUE,FALSE,FALSE,FALSE,FALSE,13
9,0:53:37,50:47,Play Me This Song 9-2 (Early A Reminder) [Thom solo] üåö,Thom solo acoustic recording. Vocals are very prominent. Same lyrics as studio version.,37,53,0,3217,47,50,0,3047,3217,170,TRUE,FALSE,FALSE,FALSE,FALSE,14
10,0:58:17,0:00,Hospital 1 10-1 (Early Last Flowers) [Full band] + (Guitar Octaves),"First take early different lyrics, more band structured, heavy rock & roll sound",17,58,0,3497,0,0,0,0,229,229,FALSE,FALSE,FALSE,FALSE,FALSE,1
10,0:58:17,3:49,Hospital delay 10-2 (Early Last Flowers) [Full band],Second take from a different rehearsal? Includes intro and effects with heavy rock & roll sound.,17,58,0,3497,49,3,0,229,336,107,FALSE,FALSE,FALSE,FALSE,FALSE,2
10,0:58:17,5:36,True Love Waits (drums) 10-1 [Full band],"Full band, Instrumental, A jam, starts midway",17,58,0,3497,36,5,0,336,486,150,FALSE,FALSE,FALSE,FALSE,FALSE,3
10,0:58:17,8:06,True Love Waits bass riff 10-2 [Full band],"Alternative arrangement, Stops midway",17,58,0,3497,6,8,0,486,595,109,FALSE,FALSE,FALSE,FALSE,FALSE,4
10,0:58:17,9:55,Everyone 4-track (Early The National Anthem) üìº,"4-track demo, The National Anthem, same one as the cassette tape. 'Everyone' was the working title",17,58,0,3497,55,9,0,595,791,196,FALSE,FALSE,FALSE,TRUE,FALSE,5
10,0:58:17,13:11,The Bends (4 Track Demo),"4-track demo, released on Long Live Tibet",17,58,0,3497,11,13,0,791,1082,291,FALSE,FALSE,FALSE,FALSE,FALSE,6
10,0:58:17,18:02,Montee aka 'I Don't Want To Hurt You‚Äô‚Äô [Thom solo with drum machine] üåö,Acoustic guitar with drum machine. Most likely from the same 4-track demo.,17,58,0,3497,2,18,0,1082,1294,212,TRUE,FALSE,FALSE,FALSE,FALSE,7
10,0:58:17,21:34,Let Down 10-1,"A more acoustic arrangement with no drums, different lyrics, also the gain is too fucking high",17,58,0,3497,34,21,0,1294,1641,347,FALSE,FALSE,FALSE,FALSE,FALSE,8
10,0:58:17,27:21,Airbag drumming 10-1,"Live demo recording, slightly seeks and skips, also jamming at the end",17,58,0,3497,21,27,0,1641,1764,123,FALSE,FALSE,FALSE,FALSE,FALSE,9
10,0:58:17,29:24,Airbag 10-2,"Jamming, features Colin‚Äôs bass playing isolated at some point",17,58,0,3497,24,29,0,1764,1818,54,FALSE,FALSE,FALSE,FALSE,FALSE,10
10,0:58:17,30:18,You'll Never Know 10-1 [Thom solo] ü§§üåö,Thom on guitar,17,58,0,3497,18,30,0,1818,2073,255,TRUE,TRUE,FALSE,FALSE,FALSE,11
10,0:58:17,34:33,You‚Äôll Never Know 10-2[Thom solo] üåö,"Another take of the same song
‚ÄúDon't stop, do you want to?‚Äù
‚ÄúYou‚Äôll never know‚Äù",17,58,0,3497,33,34,0,2073,2361,288,TRUE,FALSE,FALSE,FALSE,FALSE,12
10,0:58:17,39:21,Climbing Up The Walls read by little Dan Clements (from OKNOTOK) üìº,The transcript from the cassette tapes,17,58,0,3497,21,39,0,2361,2437,76,FALSE,FALSE,FALSE,TRUE,FALSE,13
10,0:58:17,40:37,"Climbing Up The Walls read by little Dan Clements, Slowed Down",Kinda spooky not gonna lie or sumshin.,17,58,0,3497,37,40,0,2437,2589,152,FALSE,FALSE,FALSE,FALSE,FALSE,14
10,0:58:17,43:09,TR-606 Song 10-1 [drum loop],Roland TR-606 drum machine that Thom is playing along with (u/TraxusXII),17,58,0,3497,9,43,0,2589,2620,31,FALSE,FALSE,FALSE,FALSE,FALSE,15
10,0:58:17,43:40,TR-606 Song 10-2 [Thom solo] üåö,aka ‚ÄòIf You Want to Stay‚Äô,17,58,0,3497,40,43,0,2620,2809,189,TRUE,FALSE,FALSE,FALSE,FALSE,16
10,0:58:17,46:49,Easy Line for ‚ÄòHospital‚Äô (Early Last Flowers) [Thom solo] üåö,"This is actually a scrapped part of Last Flowers. Thanks for the ID, u/MajorMajorSeven!",17,58,0,3497,49,46,0,2809,2899,90,TRUE,FALSE,FALSE,FALSE,FALSE,17
10,0:58:17,48:19,The State Disco 10-1 [Thom solo]  üåö,Bedroom recording of Thom on the guitar,17,58,0,3497,19,48,0,2899,3072,173,TRUE,FALSE,FALSE,FALSE,FALSE,18
10,0:58:17,51:12,The State Disco 10-2 [Thom solo] üåö,"Same song as above, just another take",17,58,0,3497,12,51,0,3072,3200,128,TRUE,FALSE,FALSE,FALSE,FALSE,19
10,0:58:17,53:20,Karma Police [Thom solo] üåö,"Bedroom recording, only Thom and his guitar, different lyrics, and vocal key",17,58,0,3497,20,53,0,3200,3439,239,TRUE,FALSE,FALSE,FALSE,FALSE,20
10,0:58:17,57:19,unknown song (lyric - 'I hope you choke on your nice cuisine') [Thom solo] üåö,"The same bedroom recording, only a short glimpse of this song before the tape ends",17,58,0,3497,19,57,0,3439,3497,58,TRUE,FALSE,FALSE,FALSE,FALSE,21
11,1:00:21,0:00,Stockhausen Voices (11-1),"A snippet of Stimmung ('Singcircle version') by Stockhausen
Thanks for the ID, u/agentleBout!",21,0,1,3621,0,0,0,0,147,147,FALSE,FALSE,FALSE,FALSE,FALSE,1
11,1:00:21,2:27,No Tomorrow (Early Exit Music),"Very different lyrics, thom singing with acoustic, sounds like colin singing with him",21,0,1,3621,27,2,0,147,359,212,FALSE,FALSE,FALSE,FALSE,FALSE,2
11,1:00:21,5:59,Jonny's Ocean Song [Thom + Jonny] üåö,"Thom on tour bus with Jonny, playing together",21,0,1,3621,59,5,0,359,458,99,TRUE,FALSE,FALSE,FALSE,FALSE,3
11,1:00:21,7:38,Live A Little [Thom + Jonny] üåö,"Same ride, another song",21,0,1,3621,38,7,0,458,633,175,TRUE,FALSE,FALSE,FALSE,FALSE,4
11,1:00:21,10:33,Hotel Room Noise,Maybe the rest of the tour bus ride,21,0,1,3621,33,10,0,633,693,60,FALSE,FALSE,FALSE,FALSE,FALSE,5
11,1:00:21,11:33,Mute Button 11-1 [Thom solo] üåö,‚ÄúLet me go‚Äù thom solo acoustic  song,21,0,1,3621,33,11,0,693,768,75,TRUE,FALSE,FALSE,FALSE,FALSE,6
11,1:00:21,12:48,Mute Button 11-2 [Thom solo] üåö,"Same guitar melody, different lyrics",21,0,1,3621,48,12,0,768,841,73,TRUE,FALSE,FALSE,FALSE,FALSE,7
11,1:00:21,14:01,Climbing Up The Walls (Mansfield) [live - 14 August 1996],"Live at Mansfield 1996, higher quality, SBD for sure",21,0,1,3621,1,14,0,841,1094,253,FALSE,FALSE,FALSE,FALSE,FALSE,8
11,1:00:21,18:14,I Promise (Mansfield) [live - 14 August 1996],"Live at Mansfield 1996, higher quality than the promo released before OKNOTOK",21,0,1,3621,14,18,0,1094,1331,237,FALSE,FALSE,FALSE,FALSE,FALSE,9
11,1:00:21,22:11,Paranoid Android 11-1 (Mansfield) [live - 14 August 1996],"Live at Mansfield 1996, best recording out there",21,0,1,3621,11,22,0,1331,1745,414,FALSE,FALSE,FALSE,FALSE,FALSE,10
11,1:00:21,29:05,Karma Police 11-1 (Mansfield) [live - 14 August 1996],Live at Mansfield 1996,21,0,1,3621,5,29,0,1745,2007,262,FALSE,FALSE,FALSE,FALSE,FALSE,11
11,1:00:21,33:27,Service [Thom solo] üåö,Thom solo acoustic recording,21,0,1,3621,27,33,0,2007,2178,171,TRUE,FALSE,FALSE,FALSE,FALSE,12
11,1:00:21,36:18,‚ÄòJaz‚Äô Song [Thom solo] üåö,Thom acoustic solo recording,21,0,1,3621,18,36,0,2178,2356,178,TRUE,FALSE,FALSE,FALSE,FALSE,13
11,1:00:21,39:16,Let Down 11-1 (Galway) [live - 28 July 1996],"Live early version, an organ instead of Jonny at the ending",21,0,1,3621,16,39,0,2356,2495,139,FALSE,FALSE,FALSE,FALSE,FALSE,14
11,1:00:21,41:35,[tape blip - (Citizen Cane Intro)],"Very droney,  a recording of one of them playing maybe an organ or something else",21,0,1,3621,35,41,0,2495,2496,1,FALSE,FALSE,FALSE,FALSE,FALSE,15
11,1:00:21,41:36,Let Down 11-2 (East Rutherford) [live - 19 August 1996],"Another live recording, early version",21,0,1,3621,36,41,0,2496,2967,471,FALSE,FALSE,FALSE,FALSE,FALSE,16
11,1:00:21,49:27,Paranoid Android 11-2 (East Rutherford) [live - 19 August 1996],Live early version; I think this one could be the Hershey stadium in 1996,21,0,1,3621,27,49,0,2967,3382,415,FALSE,FALSE,FALSE,FALSE,FALSE,17
11,1:00:21,56:22,Karma Police 11-2 (East Rutherford) [live - 19 August 1996],"Same show for sure, live and early version",21,0,1,3621,22,56,0,3382,3621,239,FALSE,FALSE,FALSE,FALSE,FALSE,18
12,1:13:13,0:00,Climbing Up the Walls 12-1 [live],"Early lyrics, full band.",13,13,1,4393,0,0,0,0,245,245,FALSE,FALSE,FALSE,FALSE,FALSE,1
12,1:13:13,4:05,Climbing Up the Walls 12-2 [live],"Early lyrics, full band performance.
Nearly identical to the studio version.",13,13,1,4393,5,4,0,245,490,245,FALSE,FALSE,FALSE,FALSE,FALSE,2
12,1:13:13,8:10,I Promise 12-1 [live],Full band performance. Thom plays electric instead of acoustic. Early lyrics.,13,13,1,4393,10,8,0,490,723,233,FALSE,FALSE,FALSE,FALSE,FALSE,3
12,1:13:13,12:03,Paranoid Android 12-1 [live],Drums have lots of reverb in the beginning. Features organ. Some lyrical differences such as last verse in rain down part being missing. Different ending/breakdown.,13,13,1,4393,3,12,0,723,1131,408,FALSE,FALSE,FALSE,FALSE,FALSE,4
12,1:13:13,18:51,No Surprises Please 12-1 [live],"Thom: ‚ÄúHello, we‚Äôre the support band‚Äù. Performance during the tour with Alanis Morisette most likely.",13,13,1,4393,51,18,0,1131,1362,231,FALSE,FALSE,FALSE,FALSE,FALSE,5
12,1:13:13,22:42,Paranoid Android 12-2 [live],Also features organ and some lyrical differences. Nearly identical to the previous above live version.,13,13,1,4393,42,22,0,1362,1771,409,FALSE,FALSE,FALSE,FALSE,FALSE,6
12,1:13:13,29:31,I Promise 12-2 [live],Same venue as previous live stuff here. Possibly some small differences in the lyrics. Features different bassline and washy organs.,13,13,1,4393,31,29,0,1771,1998,227,FALSE,FALSE,FALSE,FALSE,FALSE,7
12,1:13:13,33:18,Karma Police 12-1 [live],Right-channel-heavy mix. Some lyrical differences and prominent jonny piano magic. Same show as well as the rest.,13,13,1,4393,18,33,0,1998,2233,235,FALSE,FALSE,FALSE,FALSE,FALSE,8
12,1:13:13,37:13,Climbing Up the Walls 12-3 [live],"Thom: ‚ÄúIt‚Äôs a song about murder‚Äù. Lyrical differences and some sonic differences. Same performance too.
P.S. Great Idea performing this to Alanis Morissette fans idiots.",13,13,1,4393,13,37,0,2233,2480,247,FALSE,FALSE,FALSE,FALSE,FALSE,9
12,1:13:13,41:20,I Promise 12-3 [live],Similar to previous performance on this disc.,13,13,1,4393,20,41,0,2480,2708,228,FALSE,FALSE,FALSE,FALSE,FALSE,10
12,1:13:13,45:08,Let Down 12-1 [live],Early version. Beautiful and rough performance. Lyrics are quite similar to the studio version and same with the music.,13,13,1,4393,8,45,0,2708,3006,298,FALSE,FALSE,FALSE,FALSE,FALSE,11
12,1:13:13,50:06,No Surprises Please 12-2 [live],Similar to studio. No real differences besides lack of some sonic textures and different backing vocals. Some slight melody difference at one pint.,13,13,1,4393,6,50,0,3006,3230,224,FALSE,FALSE,FALSE,FALSE,FALSE,12
12,1:13:13,53:50,Climbing Up the Walls 12-4 [live],"Another early version that is again quite similar to the previous version in this disc. Nice scream at the end, Thom!",13,13,1,4393,50,53,0,3230,3477,247,FALSE,FALSE,FALSE,FALSE,FALSE,13
12,1:13:13,57:57,Electioneering [live],"Features cool breakdown, but besides that, it‚Äôs the same as the studio.",13,13,1,4393,57,57,0,3477,3681,204,FALSE,FALSE,FALSE,FALSE,FALSE,14
12,1:13:13,1:01:21,Paranoid Android 12-3 [live],"Similar to all the other different live versions in this disk.
Different lyrics: ‚Äúif you‚Äôre so important, why don't you remember my name, are you ignorant?‚Äù, then says ‚Äústupid‚Äù followed by ‚Äúmotherfucking stupid‚Äù before they play the rain down part.",13,13,1,4393,21,1,1,3681,4105,424,FALSE,FALSE,FALSE,FALSE,FALSE,15
12,1:13:13,1:08:25,Let Down 12-2 [live],Really great performance similar to the studio version.,13,13,1,4393,25,8,1,4105,4393,288,FALSE,FALSE,FALSE,FALSE,FALSE,16
13,0:17:52,0:00,Silicon Valley (Early Palo Alto) [Thom solo],Has Jonny guiding Thom through some chords,52,17,0,1072,0,0,0,0,234,234,FALSE,FALSE,FALSE,FALSE,FALSE,1
13,0:17:52,3:54,1000 Miles (Thom solo Acoustic) üåö,Sounds like an early version of Exit Music,52,17,0,1072,54,3,0,234,342,108,TRUE,FALSE,FALSE,FALSE,FALSE,2
13,0:17:52,5:42,Lift (Seattle) [live - 24 March 1996],Full band monitor. Incomplete.,52,17,0,1072,42,5,0,342,455,113,FALSE,FALSE,FALSE,FALSE,FALSE,3
13,0:17:52,7:35,This Is The Panic Office [Thom solo] üåö,Talking before acoustic jam with Thom mumbling overtop,52,17,0,1072,35,7,0,455,561,106,TRUE,FALSE,FALSE,FALSE,FALSE,4
13,0:17:52,9:21,¬ß? [Thom solo]  üåö,Reminiscent of I Might Be Wrong? Acoustic IInstrumental,52,17,0,1072,21,9,0,561,604,43,TRUE,FALSE,FALSE,FALSE,FALSE,5
13,0:17:52,10:04,Harmonics Riff [Thom solo] üåö,Might be Attention. Acoustic,52,17,0,1072,4,10,0,604,669,65,TRUE,FALSE,FALSE,FALSE,FALSE,6
13,0:17:52,11:09,Lay Off The Beef [Thom solo] üåö,‚ÄúLay it on the ground / it‚Äôs driving me insane‚Äù Acoustic.,52,17,0,1072,9,11,0,669,913,244,TRUE,FALSE,FALSE,FALSE,FALSE,7
13,0:17:52,15:13,Polyethylene Pt. 2 [Thom solo] üåö,Thom acoustic demo. Alternate lyrics ‚ÄúThe little things‚Äù,52,17,0,1072,13,15,0,913,1072,159,TRUE,FALSE,FALSE,FALSE,FALSE,8
14,1:12:22,0:00,[My New Clothes],Only a blip,22,12,1,4342,0,0,0,0,4,4,FALSE,FALSE,FALSE,FALSE,FALSE,1
14,1:12:22,0:04,Ed‚Äôs Song (Early Lull),,22,12,1,4342,4,0,0,4,198,194,FALSE,FALSE,FALSE,FALSE,FALSE,2
14,1:12:22,3:18,My New Clothes 14-1,Another version of ‚ÄúHurts To Walk‚Äù by ‚ÄúThom‚Äù Yorke.  Played in a ‚Äúroom.‚Äù,22,12,1,4342,18,3,0,198,260,62,FALSE,FALSE,FALSE,FALSE,FALSE,3
14,1:12:22,4:20,My New Clothes 14-2,"Cut in the tape,  an extra snippet",22,12,1,4342,20,4,0,260,349,89,FALSE,FALSE,FALSE,FALSE,FALSE,4
14,1:12:22,5:49,My New Clothes 14-3,Thom remarks about how he is proud of his funky clothes,22,12,1,4342,49,5,0,349,531,182,FALSE,FALSE,FALSE,FALSE,FALSE,5
14,1:12:22,8:51,For Sale,Full band. Contains lyrics ‚Äúlittle by little‚Äù; seems to have no relation to TKOL,22,12,1,4342,51,8,0,531,570,39,FALSE,FALSE,FALSE,FALSE,FALSE,6
14,1:12:22,9:30,Airbag 14-1 (DC) [soundcheck - 10 April 1996],"Early, acoustic, full band.
Alternate lyrics:
‚ÄúIn the next world war, an angel at my door..‚Äù",22,12,1,4342,30,9,0,570,788,218,FALSE,FALSE,FALSE,FALSE,FALSE,7
14,1:12:22,13:08,Electioneering 14-1 (DC) [live - 10 April 1996],"‚ÄúThis is a new song.‚Äù
Some lyrical variation from final version. Also screams potatoes.",22,12,1,4342,8,13,0,788,993,205,FALSE,FALSE,FALSE,FALSE,FALSE,8
14,1:12:22,16:33,Lift 14-1 (Cleveland) [live - 8 April 1996],"Same live session, transitions to Lift, with O Superman by Laurie Anderson intro. Good performance.
Thanks to u/shanerichmond for fix!",22,12,1,4342,33,16,0,993,1238,245,FALSE,FALSE,FALSE,FALSE,FALSE,9
14,1:12:22,20:38,Airbag 14-2 (Philadelphia) [live - 11 April 1996],Similar to 9:33 above.,22,12,1,4342,38,20,0,1238,1495,257,FALSE,FALSE,FALSE,FALSE,FALSE,10
14,1:12:22,24:55,Airbag 14-3 (DC) [live - 10 April 1996],"Acoustic again, live. See above.",22,12,1,4342,55,24,0,1495,1763,268,FALSE,FALSE,FALSE,FALSE,FALSE,11
14,1:12:22,29:23,Attenzione! 14-1 (Fast),"Full band recording.
‚ÄúJoy of the uprising, an action with some meaning‚Äù",22,12,1,4342,23,29,0,1763,1995,232,FALSE,FALSE,FALSE,FALSE,FALSE,12
14,1:12:22,33:15,Attenzione! 14-2 (Minneapolis) [soundcheck - 3 April 1996],,22,12,1,4342,15,33,0,1995,2283,288,FALSE,FALSE,FALSE,FALSE,FALSE,13
14,1:12:22,38:03,Stampeding Elephants,"Full band recording. Sounds serene, twangy, and folk rocky.",22,12,1,4342,3,38,0,2283,2354,71,FALSE,FALSE,FALSE,FALSE,FALSE,14
14,1:12:22,39:14,Lift 14-2 (Minneapolis) [soundcheck - 3 April 1996],"Skips around a couple times, resolves to Lift",22,12,1,4342,14,39,0,2354,2578,224,FALSE,FALSE,FALSE,FALSE,FALSE,15
14,1:12:22,42:58,Airbag 14-4 (Minneapolis acoustic) [soundcheck - 3 April 1996 - fragment] [duplicate],"Jamming on Airbag
‚ÄúIt‚Äôs on tape, yeah?‚Äù -Thom",22,12,1,4342,58,42,0,2578,2596,18,FALSE,FALSE,FALSE,FALSE,FALSE,16
14,1:12:22,43:16,Manhattan Dogs [Thom solo] üåö,"Thom singing over muted acoustic guitar track.
‚ÄúIs anyone around? I think you‚Äôre crazy for wanting me to tell‚Äù
‚ÄúYou‚Äôre always on the phone‚Äù",22,12,1,4342,16,43,0,2596,2868,272,TRUE,FALSE,FALSE,FALSE,FALSE,17
14,1:12:22,47:48,Paranoid Android 14-1 (NY) [soundcheck - 12 April 1996],Thom directing volume levels a bit. Slight variation in ‚Äúrain down‚Äù section lyrics; ‚ÄúIt‚Äôs gonna rain down on you‚Äù,22,12,1,4342,48,47,0,2868,3060,192,FALSE,FALSE,FALSE,FALSE,FALSE,18
14,1:12:22,51:00,Airbag 14-5 (NY) [soundcheck - 12 April 1996],See all above instances of Airbag it‚Äôs very similar. Maybe some extra synth-y stuff in this one,22,12,1,4342,0,51,0,3060,3339,279,FALSE,FALSE,FALSE,FALSE,FALSE,19
14,1:12:22,55:39,Electioneering 14-2 (San Diego) [live - 30 March 1996],"Sounds weirdly distant. Vocal tracks almost seem isolated? ‚ÄúGive me one of them prizes‚Äù, ‚ÄúDoin‚Äô it all‚Äù lines are in here. Must be an early performance.",22,12,1,4342,39,55,0,3339,3552,213,FALSE,FALSE,FALSE,FALSE,FALSE,20
14,1:12:22,59:12,I Promise 14-1 [live],"Fast-forwarded intro speech; ‚ÄúI can‚Äôt read music, these are words.‚Äù --- ‚Äú-REM tour, and I still look‚Äù --- ‚Äú-he said he didn‚Äôt mind. This is a new song, called I Promise‚Äù. Has ‚ÄúI won‚Äôt fool around no more‚Äù verse.",22,12,1,4342,12,59,0,3552,3803,251,FALSE,FALSE,FALSE,FALSE,FALSE,21
14,1:12:22,1:03:23,1/2 Paranoid Android? 14-2,‚ÄúWhy don‚Äôt you remember my name‚Äù part. Alternate ‚Äúrain down‚Äù lyrics from above (49:04) are not present here. ‚ÄúHallelujah‚Äù variation of ‚Äúrain down‚Äù lyrics also absent. Thom sings a backing harmony part here after the normal lyrics. No ‚Äúthat‚Äôs it sir‚Äù part.,22,12,1,4342,23,3,1,3803,3916,113,FALSE,FALSE,FALSE,FALSE,FALSE,22
14,1:12:22,1:05:16,Attenzione! 14-1 (Palo Alto) [soundcheck - 28 March 1996],"Cuts in for first verse, no intro. Unsure of lyrical differences with other versions on this file.",22,12,1,4342,16,5,1,3916,4126,210,FALSE,FALSE,FALSE,FALSE,FALSE,23
14,1:12:22,1:08:46,Attenzione! 14-2 (Palo Alto) [soundcheck - 28 March 1996],not sure I‚Äôve heard these lyrics yet? ‚ÄúThere‚Äôs nothing better to do / I‚Äôm taking off my clothes because I‚Äôve got the hots for you‚Äù. No backing vocals.,22,12,1,4342,46,8,1,4126,4170,44,FALSE,FALSE,FALSE,FALSE,FALSE,24
14,1:12:22,1:09:30,I Promise 14-2 (NY) [live - 12 April 1996],"‚ÄúThis is for the girl who just said ‚ÄòThom help me I‚Äôm dying‚Äô down in the front!‚Äù Drums similar to remastered version. Has extra ‚Äúfool around‚Äù verse, but no ‚Äúfunny look‚Äù line from 1:00:26 version.
According to redditor /u/EsotericCD, this performance is from 4/12/96 Roseland Ballroom. Thanks for the ID!",22,12,1,4342,30,9,1,4170,4342,172,FALSE,FALSE,FALSE,FALSE,FALSE,25
15,0:56:10,0:00,Three Seconds of Subterranean Homesick Alien,What do I need to put here? Like seriously.,10,56,0,3370,0,0,0,0,3,3,FALSE,FALSE,FALSE,FALSE,FALSE,1
15,0:56:10,0:03,Karma Police - Final Version,Final Version,10,56,0,3370,3,0,0,3,279,276,FALSE,FALSE,FALSE,FALSE,FALSE,2
15,0:56:10,4:39,Let Down - Near-Final Version with Acoustic Intro,Slightly different from the album version. Acoustic guitar from ending is now in the intro.,10,56,0,3370,39,4,0,279,586,307,FALSE,FALSE,FALSE,FALSE,FALSE,3
15,0:56:10,9:46,"Lift - Alternate Version, Mix #1 ‚≠ê",Full band finished studio recording. It's incredible.,10,56,0,3370,46,9,0,586,835,249,FALSE,FALSE,TRUE,FALSE,FALSE,4
15,0:56:10,13:55,Airbag - Late/Final Version,Late/finished version. may be a different vocal take; different reverb.,10,56,0,3370,55,13,0,835,1122,287,FALSE,FALSE,FALSE,FALSE,FALSE,5
15,0:56:10,18:42,Electioneering - Final Version,Late/finished version,10,56,0,3370,42,18,0,1122,1358,236,FALSE,FALSE,FALSE,FALSE,FALSE,6
15,0:56:10,22:38,A Reminder - Final Version,Late/finished version,10,56,0,3370,38,22,0,1358,1592,234,FALSE,FALSE,FALSE,FALSE,FALSE,7
15,0:56:10,26:32,Uptight (less room) - Late/Final Version,Early title of Subterranean Homesick Alien. Late/finished version,10,56,0,3370,32,26,0,1592,1879,287,FALSE,FALSE,FALSE,FALSE,FALSE,8
15,0:56:10,31:19,Uptight (less drums) - Late/Final Version,Late/finished version. Must be something different..?,10,56,0,3370,19,31,0,1879,2165,286,FALSE,FALSE,FALSE,FALSE,FALSE,9
15,0:56:10,36:05,Uptight (Nigel's master) - Late/Final Version,Late/finished version. Must be something different..?,10,56,0,3370,5,36,0,2165,2452,287,FALSE,FALSE,FALSE,FALSE,FALSE,10
15,0:56:10,40:52,"No Surprises Please - Late Mix, Original Speed",Different vocal take from album version. Original recorded speed; half-step down from album version.,10,56,0,3370,52,40,0,2452,2700,248,FALSE,FALSE,FALSE,FALSE,FALSE,11
15,0:56:10,45:00,Exit Music (For A Film) - Late Mix,Starting with a thom chuckle and an ‚ÄúOkay‚Äù. Same as Tape 18 version?,10,56,0,3370,0,45,0,2700,2980,280,FALSE,FALSE,FALSE,FALSE,FALSE,12
15,0:56:10,49:40,Paranoid Android - Late Mix,Synths seem quieter. Slightly different mix.,10,56,0,3370,40,49,0,2980,3370,390,FALSE,FALSE,FALSE,FALSE,FALSE,13
16,1:08:04,0:00,Airbag (unmastered album version),,4,8,1,4084,0,0,0,0,287,287,FALSE,FALSE,FALSE,FALSE,FALSE,1
16,1:08:04,4:47,Paranoid Android (unmastered album version),,4,8,1,4084,47,4,0,287,671,384,FALSE,FALSE,FALSE,FALSE,FALSE,2
16,1:08:04,11:11,Subterranean Homesick Alien (unmastered album version),,4,8,1,4084,11,11,0,671,939,268,FALSE,FALSE,FALSE,FALSE,FALSE,3
16,1:08:04,15:39,Exit Music (For A Film) (unmastered album version),,4,8,1,4084,39,15,0,939,1210,271,FALSE,FALSE,FALSE,FALSE,FALSE,4
16,1:08:04,20:10,Let Down (early fade out),,4,8,1,4084,10,20,0,1210,1435,225,FALSE,FALSE,FALSE,FALSE,FALSE,5
16,1:08:04,23:55,Fitter Happier (unmastered near-final version),Unclear if this is the finished mix as there is another mix on disc 17.,4,8,1,4084,55,23,0,1435,1557,122,FALSE,FALSE,FALSE,FALSE,FALSE,6
16,1:08:04,25:57,Climbing Up The Walls (unmastered album version),,4,8,1,4084,57,25,0,1557,1841,284,FALSE,FALSE,FALSE,FALSE,FALSE,7
16,1:08:04,30:41,No Surprises (unmastered album version),,4,8,1,4084,41,30,0,1841,2068,227,FALSE,FALSE,FALSE,FALSE,FALSE,8
16,1:08:04,34:28,Electioneering (unmastered album version),,4,8,1,4084,28,34,0,2068,2301,233,FALSE,FALSE,FALSE,FALSE,FALSE,9
16,1:08:04,38:21,Lucky (unmastered album version),,4,8,1,4084,21,38,0,2301,2560,259,FALSE,FALSE,FALSE,FALSE,FALSE,10
16,1:08:04,42:40,Karma Police (unmastered album version),,4,8,1,4084,40,42,0,2560,2824,264,FALSE,FALSE,FALSE,FALSE,FALSE,11
16,1:08:04,47:04,The Tourist (unmastered near-final version),Unclear if this is the finished mix as there are other mixes on disc 17.,4,8,1,4084,4,47,0,2824,3150,326,FALSE,FALSE,FALSE,FALSE,FALSE,12
16,1:08:04,52:30,A Reminder (unmastered final version),,4,8,1,4084,30,52,0,3150,3385,235,FALSE,FALSE,FALSE,FALSE,FALSE,13
16,1:08:04,56:25,Lift (‚Äúfinished mix‚Äù #1)‚≠ê,,4,8,1,4084,25,56,0,3385,3615,230,FALSE,FALSE,TRUE,FALSE,FALSE,14
16,1:08:04,1:00:15,Lift (‚Äúfinished mix‚Äù #2)‚≠ê,,4,8,1,4084,15,0,1,3615,3839,224,FALSE,FALSE,TRUE,FALSE,FALSE,15
16,1:08:04,1:03:59,Noise - Fitter Happier beeps,,4,8,1,4084,59,3,1,3839,3853,14,FALSE,FALSE,FALSE,FALSE,FALSE,16
16,1:08:04,1:04:13,Polyethylene Pt. 2 - Late Mix w/ Vocal Effect,,4,8,1,4084,13,4,1,3853,4073,220,FALSE,FALSE,FALSE,FALSE,FALSE,17
16,1:08:04,1:07:53,Noise - The Tourist,,4,8,1,4084,53,7,1,4073,4084,11,FALSE,FALSE,FALSE,FALSE,FALSE,18
17,0:26:49,0:00,The Tourist (unmastered near-final version),,49,26,0,1609,0,0,0,0,325,325,FALSE,FALSE,FALSE,FALSE,FALSE,1
17,0:26:49,05:25,The Tourist (Louder Choir) (unmastered near-final version),,49,26,0,1609,25,5,0,325,658,333,FALSE,FALSE,FALSE,FALSE,FALSE,2
17,0:26:49,10:58,Polyethylene Pt. 2 (near-final version),"With its own count-in. Close to album version. Slightly different vocals, less compressed.",49,26,0,1609,58,10,0,658,893,235,FALSE,FALSE,FALSE,FALSE,FALSE,3
17,0:26:49,14:53,Polyethylene Pt. 2 (Less Bass and Snare) (near-final version),"According to Thom‚Äôs note, has less bass and snare.",49,26,0,1609,53,14,0,893,1118,225,FALSE,FALSE,FALSE,FALSE,FALSE,4
17,0:26:49,18:38,Fitter Happier - Unmastered Album Version,,49,26,0,1609,38,18,0,1118,1256,138,FALSE,FALSE,FALSE,FALSE,FALSE,5
17,0:26:49,20:56,unknown song 17-1 (lyric - 'tomorrow night in Paris') [Thom solo] üåö,‚ÄúEverybody wants you but nobody wants you‚Äù,49,26,0,1609,56,20,0,1256,1526,270,TRUE,FALSE,FALSE,FALSE,FALSE,6
17,0:26:49,25:26,unknown song 17-2 (lyric - 'tomorrow night in Paris') [Thom solo] üåö,,49,26,0,1609,26,25,0,1526,1609,83,TRUE,FALSE,FALSE,FALSE,FALSE,7
18,0:41:52,0:00,[chatter/wind noise],‚ÄúHello‚Ä¶ It‚Äôs working‚Ä¶‚Äù,52,41,0,2512,0,0,0,0,68,68,FALSE,FALSE,FALSE,FALSE,FALSE,1
18,0:41:52,1:08,A Reminder 18-1 [Thom A Cappella],Thom singing quietly by himself outside,52,41,0,2512,8,1,0,68,233,165,FALSE,FALSE,FALSE,FALSE,FALSE,2
18,0:41:52,3:53,[wind noise],,52,41,0,2512,53,3,0,233,296,63,FALSE,FALSE,FALSE,FALSE,FALSE,3
18,0:41:52,4:56,A Reminder 18-2 [Thom A Cappella],,52,41,0,2512,56,4,0,296,431,135,FALSE,FALSE,FALSE,FALSE,FALSE,4
18,0:41:52,7:11,[wind noise],,52,41,0,2512,11,7,0,431,464,33,FALSE,FALSE,FALSE,FALSE,FALSE,5
18,0:41:52,7:44,A Reminder 18-3 [Thom A Cappella - fragment],Cut off at the end,52,41,0,2512,44,7,0,464,611,147,FALSE,FALSE,FALSE,FALSE,FALSE,6
18,0:41:52,10:11,A Reminder 18-4 [Thom A Cappella],,52,41,0,2512,11,10,0,611,621,10,FALSE,FALSE,FALSE,FALSE,FALSE,7
18,0:41:52,10:21,A Reminder 18-5 [Thom A Cappella],,52,41,0,2512,21,10,0,621,725,104,FALSE,FALSE,FALSE,FALSE,FALSE,8
18,0:41:52,12:05,A Reminder 18-6 [Thom A Cappella],In a new key,52,41,0,2512,5,12,0,725,878,153,FALSE,FALSE,FALSE,FALSE,FALSE,9
18,0:41:52,14:38,unknown song 18-1 (lyric - 'what did you mean') [Thom solo] üåö,,52,41,0,2512,38,14,0,878,1033,155,TRUE,FALSE,FALSE,FALSE,FALSE,10
18,0:41:52,17:13,unknown song 18-2 (lyric - 'what did you mean') [Thom solo] üåö,,52,41,0,2512,13,17,0,1033,1168,135,TRUE,FALSE,FALSE,FALSE,FALSE,11
18,0:41:52,19:28,unknown song 18-3 (lyric - 'what did you mean') [Thom solo] üåö,"Clearer vocals
‚ÄúThat wasn‚Äôt a shooting star, that was an airplane landing‚Äù",52,41,0,2512,28,19,0,1168,1282,114,TRUE,FALSE,FALSE,FALSE,FALSE,12
18,0:41:52,21:22,unknown song 18-4 (lyric - 'what did you mean') [Thom solo] üåö,,52,41,0,2512,22,21,0,1282,1323,41,TRUE,FALSE,FALSE,FALSE,FALSE,13
18,0:41:52,22:03,"unknown song (lyric - 'you're a sleazy bastard, you're no friend of mine') [Thom solo] üåö","Rock/bluesy
‚ÄúI am the sun and the moon‚Äù
Cut off",52,41,0,2512,3,22,0,1323,1545,222,TRUE,FALSE,FALSE,FALSE,FALSE,14
18,0:41:52,25:45,Thom beatboxing to Laurie‚Äôs Theme from Halloween ü§§‚≠ê,Best song in this compilation hands down,52,41,0,2512,45,25,0,1545,1587,42,FALSE,TRUE,TRUE,FALSE,FALSE,15
18,0:41:52,26:27,Exit Music - Late Mix [duplicate],Background voices at ‚Äúsing us a song‚Äù are different. Definitely the album take of everything else.,52,41,0,2512,27,26,0,1587,1867,280,FALSE,FALSE,FALSE,FALSE,FALSE,16
18,0:41:52,31:07,No Surprises - Late Mix #2 [duplicate],Different vocal take from album version. Original recorded speed; half-step down from album version. Same as tape 15?,52,41,0,2512,7,31,0,1867,2124,257,FALSE,FALSE,FALSE,FALSE,FALSE,17
18,0:41:52,35:24,Paranoid Android - Unmastered Album Version [duplicate],,52,41,0,2512,24,35,0,2124,2512,388,FALSE,FALSE,FALSE,FALSE,FALSE,18
